gene_id_name	gene_biotype_name	TYPE	chr	strand	DOG_length	DOG_start_local	DOG_end_local	DOG_start_meta	DOG_end_meta	DOG_from_downstream_gene	DOG_from_upstream_gene	DOG_into_downstream_gene	POG_into_upstream_gene	padj	baseMean	pvalue	log2FoldChange	lfcSE	stat	source	length	left_int_length	right_int_length	sample_name	start	end	type
WBGene00013499	protein_coding	DOG	III	+	200	10244810	10245010	10244810	10245010	0	False	False	0	0.0005277894343078951	542.5	4.9464801715829e-07	1.86558733374092	0.367536491696757	25.2845776913187	WormBase	6138	0.0	4301.0	OK80-INP_split	10238672	10244810	gene
WBGene00196212	ncRNA	DOG	V	+	700	8853468	8853670	8853468	8854168	0	False	True	0	0.00276412745180944	6115.625	2.9891076185669e-06	1.7373312851399199	0.367513348295074	21.823536965673	WormBase	161	0.0	202.0	N2-J2-3__split	8853307	8853468	gene
