GeneID	gene_biotype_name	TYPE	chr	strand	DOG_length	DOG_start_local	DOG_end_local	DOG_start_meta	DOG_end_meta	DOG_from_downstream_gene	DOG_from_upstream_gene	DOG_into_downstream_gene	POG_into_upstream_gene	padj	baseMean	pvalue	log2FoldChange	lfcSE	stat	source	length	left_int_length	right_int_length	sample_name	start	end	type
WBGene00012384	pseudogene	ADOG	IV	+	1400	11070950	11072350	11070950	11072350	0.0	False	False	0.0	2.14856360623568e-06	201.14285714285703	3.5718346671236614e-09	5.35916112267569	0.8997521222902621	34.8441374909488	WormBase	1563	0.0	12197.0	N2HS_J2A_split	11069387	11070950	gene
WBGene00004513	rRNA	ADOG	I	+	300	15071033	15071333	15071033	15071333	0.0	True	False	0.0	2.61110516845948e-08	139.571428571429	2.42572844713134e-11	7.500846643959218	1.3017099796231202	44.5928747492638	WormBase	1753	0.0	1233.0	N2HS_J2B_split	15069280	15071033	gene
