gene_id_name	gene_biotype_name	TYPE	chr	strand	DOG_length	DOG_start_local	DOG_end_local	DOG_start_meta	DOG_end_meta	DOG_from_downstream_gene	DOG_from_upstream_gene	DOG_into_downstream_gene	POG_into_upstream_gene	padj	baseMean	pvalue	log2FoldChange	lfcSE	stat	source	length	left_int_length	right_int_length	sample_name	start	end	type
WBGene00016953	protein_coding	ADOG	IV	+	300	5688273	5688573	5688273	5688573	0	False	False	0	2.54122236871281e-06	120.57142857142901	4.34885502175574e-09	7.0684907878645395	1.14407269328331	34.4609669726105	WormBase	2986	0.0	2757.0	N2HS_J2B_sp	5685287	5688273	gene
WBGene00006662	protein_coding	ADOG	III	-	300	8633778	8634078	8633778	8634078	0	False	False	0	1.9066869641472198e-08	1093.42857142857	1.19403600259714e-10	6.1675560117516195	0.856973219586215	41.4747441140141	WormBase	9661	5507.0	0.0	N2HS_J2B_s	8634078	8643739	gene
WBGene00005528	protein_coding	ADOG	I	-	400	12147680	12148080	12147680	12148080	0	False	False	0	0.0128350810171327	40.7142857142857	0.000566875694230648	3.46710081344159	0.993862666030716	11.881719918839998	WormBase	2661	11615.0	0.0	N2HS_J2B_spl	12148080	12150741	gene
WBGene00002215	protein_coding	ADOG	V	-	300	5575110	5575410	5575110	5575410	0	False	False	0	8.73341021481759e-08	231.57142857142898	7.39191720855452e-10	5.70502316897023	0.864400081062887	37.9143593992131	WormBase	6303	3361.0	0.0	N2HS_J2B_spl	5575410	5581713	gene
