gene_id_name	gene_biotype_name	TYPE	chr	strand	DOG_length	DOG_start_local	DOG_end_local	DOG_start_meta	DOG_end_meta	DOG_from_downstream_gene	DOG_from_upstream_gene	DOG_into_downstream_gene	POG_into_upstream_gene	padj	baseMean	pvalue	log2FoldChange	lfcSE	stat	source	length	left_int_length	right_int_length	sample_name	start	end	type
WBGene00001104	protein_coding	ADOG	IV	-	200	1202451	1202651	1202451	1202651	0	False	False	0	0.022442627579878	51.571428571428605	0.00109476232096966	-3.31119798665357	0.99505833796775	10.6600196181872	WormBase	2319	9124.0	0.0	N2HS_J2B_sp	1202651	1204970	gene
WBGene00020686	protein_coding	ADOG	IV	-	200	6900126	6900326	6900126	6900326	0	True	False	0	1.19957091352943e-13	145.714285714286	7.90752085385257e-17	-9.169906358966859	1.11827911506921	69.4324921137969	WormBase	3298	12664.0	0.0	N2HS_J2B_sp	6900326	6903624	gene
WBGene00011604	protein_coding	ADOG	III	-	400	4247755	4248155	4247755	4248155	0	False	False	0	0.0124466807701373	182.285714285714	0.000545619163621709	-2.44695240769178	0.694541375682967	11.952916157342901	WormBase	14893	484.0	0.0	N2HS_J2B_s	4248155	4263048	gene
